Episode,DQN_win,DQN_lose,Draw,DQN_win_rate,DQN_lose_rate,Draw_rate
0,12,82,6,0.12,0.82,0.06
100,14,82,4,0.14,0.82,0.04
200,22,76,2,0.22,0.76,0.02
300,20,76,4,0.2,0.76,0.04
400,12,85,3,0.12,0.85,0.03
500,17,78,5,0.17,0.78,0.05
600,16,79,5,0.16,0.79,0.05
700,21,78,1,0.21,0.78,0.01
800,24,72,4,0.24,0.72,0.04
900,17,78,5,0.17,0.78,0.05
1000,17,81,2,0.17,0.81,0.02
1100,19,77,4,0.19,0.77,0.04
1200,20,77,3,0.2,0.77,0.03
1300,22,74,4,0.22,0.74,0.04
1400,27,70,3,0.27,0.7,0.03
1500,14,84,2,0.14,0.84,0.02
1600,20,75,5,0.2,0.75,0.05
1700,11,84,5,0.11,0.84,0.05
1800,18,80,2,0.18,0.8,0.02
1900,13,83,4,0.13,0.83,0.04
2000,16,79,5,0.16,0.79,0.05
2100,15,81,4,0.15,0.81,0.04
2200,17,77,6,0.17,0.77,0.06
2300,18,82,0,0.18,0.82,0.0
2400,15,81,4,0.15,0.81,0.04
2500,18,81,1,0.18,0.81,0.01
2600,18,79,3,0.18,0.79,0.03
2700,20,77,3,0.2,0.77,0.03
2800,13,84,3,0.13,0.84,0.03
2900,19,75,6,0.19,0.75,0.06
3000,15,81,4,0.15,0.81,0.04
3100,14,83,3,0.14,0.83,0.03
3200,14,79,7,0.14,0.79,0.07
3300,17,79,4,0.17,0.79,0.04
3400,16,80,4,0.16,0.8,0.04
3500,20,80,0,0.2,0.8,0.0
3600,19,78,3,0.19,0.78,0.03
3700,11,85,4,0.11,0.85,0.04
3800,20,74,6,0.2,0.74,0.06
3900,14,84,2,0.14,0.84,0.02
4000,17,79,4,0.17,0.79,0.04
4100,14,82,4,0.14,0.82,0.04
4200,20,73,7,0.2,0.73,0.07
4300,22,77,1,0.22,0.77,0.01
4400,19,74,7,0.19,0.74,0.07
4500,13,80,7,0.13,0.8,0.07
4600,17,81,2,0.17,0.81,0.02
4700,19,78,3,0.19,0.78,0.03
4800,14,82,4,0.14,0.82,0.04
4900,17,82,1,0.17,0.82,0.01
5000,12,85,3,0.12,0.85,0.03
5100,20,78,2,0.2,0.78,0.02
5200,18,79,3,0.18,0.79,0.03
5300,19,78,3,0.19,0.78,0.03
5400,21,74,5,0.21,0.74,0.05
5500,21,77,2,0.21,0.77,0.02
5600,19,78,3,0.19,0.78,0.03
5700,11,87,2,0.11,0.87,0.02
5800,17,78,5,0.17,0.78,0.05
5900,23,77,0,0.23,0.77,0.0
6000,18,81,1,0.18,0.81,0.01
6100,21,73,6,0.21,0.73,0.06
6200,22,76,2,0.22,0.76,0.02
6300,23,75,2,0.23,0.75,0.02
6400,17,79,4,0.17,0.79,0.04
6500,18,77,5,0.18,0.77,0.05
6600,17,79,4,0.17,0.79,0.04
6700,14,83,3,0.14,0.83,0.03
6800,22,74,4,0.22,0.74,0.04
6900,18,77,5,0.18,0.77,0.05
7000,16,80,4,0.16,0.8,0.04
7100,11,86,3,0.11,0.86,0.03
7200,26,73,1,0.26,0.73,0.01
7300,14,80,6,0.14,0.8,0.06
7400,18,80,2,0.18,0.8,0.02
7500,8,87,5,0.08,0.87,0.05
7600,25,72,3,0.25,0.72,0.03
7700,20,75,5,0.2,0.75,0.05
7800,12,85,3,0.12,0.85,0.03
7900,22,76,2,0.22,0.76,0.02
8000,19,77,4,0.19,0.77,0.04
8100,24,76,0,0.24,0.76,0.0
8200,19,76,5,0.19,0.76,0.05
8300,15,82,3,0.15,0.82,0.03
8400,21,76,3,0.21,0.76,0.03
8500,18,79,3,0.18,0.79,0.03
8600,18,78,4,0.18,0.78,0.04
8700,21,79,0,0.21,0.79,0.0
8800,16,82,2,0.16,0.82,0.02
8900,10,88,2,0.1,0.88,0.02
9000,23,76,1,0.23,0.76,0.01
9100,19,79,2,0.19,0.79,0.02
9200,17,80,3,0.17,0.8,0.03
9300,25,73,2,0.25,0.73,0.02
9400,16,81,3,0.16,0.81,0.03
9500,24,75,1,0.24,0.75,0.01
9600,20,76,4,0.2,0.76,0.04
9700,15,84,1,0.15,0.84,0.01
9800,14,82,4,0.14,0.82,0.04
9900,16,82,2,0.16,0.82,0.02
10000,21,77,2,0.21,0.77,0.02
10100,18,79,3,0.18,0.79,0.03
10200,21,76,3,0.21,0.76,0.03
10300,21,78,1,0.21,0.78,0.01
10400,15,83,2,0.15,0.83,0.02
10500,16,82,2,0.16,0.82,0.02
10600,24,74,2,0.24,0.74,0.02
10700,29,68,3,0.29,0.68,0.03
10800,26,70,4,0.26,0.7,0.04
10900,27,72,1,0.27,0.72,0.01
11000,22,74,4,0.22,0.74,0.04
11100,23,72,5,0.23,0.72,0.05
11200,17,79,4,0.17,0.79,0.04
11300,16,78,6,0.16,0.78,0.06
11400,10,87,3,0.1,0.87,0.03
11500,18,80,2,0.18,0.8,0.02
11600,23,74,3,0.23,0.74,0.03
11700,18,79,3,0.18,0.79,0.03
11800,28,71,1,0.28,0.71,0.01
11900,22,72,6,0.22,0.72,0.06
12000,17,79,4,0.17,0.79,0.04
12100,20,76,4,0.2,0.76,0.04
12200,22,74,4,0.22,0.74,0.04
12300,27,71,2,0.27,0.71,0.02
12400,20,77,3,0.2,0.77,0.03
12500,21,78,1,0.21,0.78,0.01
12600,16,81,3,0.16,0.81,0.03
12700,26,73,1,0.26,0.73,0.01
12800,19,76,5,0.19,0.76,0.05
12900,21,74,5,0.21,0.74,0.05
13000,12,87,1,0.12,0.87,0.01
13100,18,80,2,0.18,0.8,0.02
13200,18,77,5,0.18,0.77,0.05
13300,19,79,2,0.19,0.79,0.02
13400,28,69,3,0.28,0.69,0.03
13500,16,79,5,0.16,0.79,0.05
13600,23,72,5,0.23,0.72,0.05
13700,21,77,2,0.21,0.77,0.02
13800,16,80,4,0.16,0.8,0.04
13900,21,76,3,0.21,0.76,0.03
14000,21,78,1,0.21,0.78,0.01
14100,20,73,7,0.2,0.73,0.07
14200,26,72,2,0.26,0.72,0.02
14300,19,74,7,0.19,0.74,0.07
14400,18,80,2,0.18,0.8,0.02
14500,25,69,6,0.25,0.69,0.06
14600,20,77,3,0.2,0.77,0.03
14700,17,81,2,0.17,0.81,0.02
14800,19,75,6,0.19,0.75,0.06
14900,19,77,4,0.19,0.77,0.04
15000,21,69,10,0.21,0.69,0.1
15100,22,72,6,0.22,0.72,0.06
15200,15,82,3,0.15,0.82,0.03
15300,18,78,4,0.18,0.78,0.04
15400,21,77,2,0.21,0.77,0.02
15500,16,80,4,0.16,0.8,0.04
15600,17,80,3,0.17,0.8,0.03
15700,28,68,4,0.28,0.68,0.04
15800,19,78,3,0.19,0.78,0.03
15900,25,71,4,0.25,0.71,0.04
16000,16,81,3,0.16,0.81,0.03
16100,19,78,3,0.19,0.78,0.03
16200,26,72,2,0.26,0.72,0.02
16300,15,78,7,0.15,0.78,0.07
16400,19,76,5,0.19,0.76,0.05
16500,21,76,3,0.21,0.76,0.03
16600,25,69,6,0.25,0.69,0.06
16700,18,81,1,0.18,0.81,0.01
16800,16,79,5,0.16,0.79,0.05
16900,20,75,5,0.2,0.75,0.05
17000,26,72,2,0.26,0.72,0.02
17100,18,77,5,0.18,0.77,0.05
17200,23,74,3,0.23,0.74,0.03
17300,13,81,6,0.13,0.81,0.06
17400,18,78,4,0.18,0.78,0.04
17500,24,75,1,0.24,0.75,0.01
17600,15,82,3,0.15,0.82,0.03
17700,30,67,3,0.3,0.67,0.03
17800,12,82,6,0.12,0.82,0.06
17900,18,76,6,0.18,0.76,0.06
18000,18,79,3,0.18,0.79,0.03
18100,17,79,4,0.17,0.79,0.04
18200,23,73,4,0.23,0.73,0.04
18300,23,73,4,0.23,0.73,0.04
18400,21,75,4,0.21,0.75,0.04
18500,24,74,2,0.24,0.74,0.02
18600,26,70,4,0.26,0.7,0.04
18700,15,83,2,0.15,0.83,0.02
18800,22,73,5,0.22,0.73,0.05
18900,20,76,4,0.2,0.76,0.04
19000,27,68,5,0.27,0.68,0.05
19100,23,70,7,0.23,0.7,0.07
19200,20,76,4,0.2,0.76,0.04
19300,18,81,1,0.18,0.81,0.01
19400,30,66,4,0.3,0.66,0.04
19500,24,73,3,0.24,0.73,0.03
19600,18,76,6,0.18,0.76,0.06
19700,19,75,6,0.19,0.75,0.06
19800,21,74,5,0.21,0.74,0.05
19900,21,77,2,0.21,0.77,0.02
20000,17,77,6,0.17,0.77,0.06
20100,13,83,4,0.13,0.83,0.04
20200,16,79,5,0.16,0.79,0.05
20300,23,76,1,0.23,0.76,0.01
20400,21,71,8,0.21,0.71,0.08
20500,17,79,4,0.17,0.79,0.04
20600,23,73,4,0.23,0.73,0.04
20700,15,82,3,0.15,0.82,0.03
20800,24,72,4,0.24,0.72,0.04
20900,19,74,7,0.19,0.74,0.07
21000,14,82,4,0.14,0.82,0.04
21100,20,74,6,0.2,0.74,0.06
21200,26,69,5,0.26,0.69,0.05
21300,17,74,9,0.17,0.74,0.09
21400,18,80,2,0.18,0.8,0.02
21500,22,73,5,0.22,0.73,0.05
21600,22,75,3,0.22,0.75,0.03
21700,20,77,3,0.2,0.77,0.03
21800,20,77,3,0.2,0.77,0.03
21900,25,72,3,0.25,0.72,0.03
22000,27,71,2,0.27,0.71,0.02
22100,27,72,1,0.27,0.72,0.01
22200,19,79,2,0.19,0.79,0.02
22300,19,77,4,0.19,0.77,0.04
22400,23,76,1,0.23,0.76,0.01
22500,19,79,2,0.19,0.79,0.02
22600,20,74,6,0.2,0.74,0.06
22700,17,75,8,0.17,0.75,0.08
22800,20,74,6,0.2,0.74,0.06
22900,23,74,3,0.23,0.74,0.03
23000,17,77,6,0.17,0.77,0.06
23100,14,82,4,0.14,0.82,0.04
23200,17,83,0,0.17,0.83,0.0
23300,21,73,6,0.21,0.73,0.06
23400,19,80,1,0.19,0.8,0.01
23500,25,71,4,0.25,0.71,0.04
23600,28,69,3,0.28,0.69,0.03
23700,14,84,2,0.14,0.84,0.02
23800,23,74,3,0.23,0.74,0.03
23900,14,83,3,0.14,0.83,0.03
24000,29,65,6,0.29,0.65,0.06
24100,32,64,4,0.32,0.64,0.04
24200,27,69,4,0.27,0.69,0.04
24300,18,79,3,0.18,0.79,0.03
24400,23,76,1,0.23,0.76,0.01
24500,22,74,4,0.22,0.74,0.04
24600,23,73,4,0.23,0.73,0.04
24700,22,73,5,0.22,0.73,0.05
24800,27,65,8,0.27,0.65,0.08
24900,22,74,4,0.22,0.74,0.04
25000,23,71,6,0.23,0.71,0.06
25100,29,69,2,0.29,0.69,0.02
25200,20,77,3,0.2,0.77,0.03
25300,13,84,3,0.13,0.84,0.03
25400,20,77,3,0.2,0.77,0.03
25500,20,76,4,0.2,0.76,0.04
25600,17,80,3,0.17,0.8,0.03
25700,20,79,1,0.2,0.79,0.01
25800,24,75,1,0.24,0.75,0.01
25900,19,74,7,0.19,0.74,0.07
26000,21,77,2,0.21,0.77,0.02
26100,24,72,4,0.24,0.72,0.04
26200,23,69,8,0.23,0.69,0.08
26300,18,81,1,0.18,0.81,0.01
26400,16,78,6,0.16,0.78,0.06
26500,22,74,4,0.22,0.74,0.04
26600,20,77,3,0.2,0.77,0.03
26700,22,74,4,0.22,0.74,0.04
26800,20,75,5,0.2,0.75,0.05
26900,13,83,4,0.13,0.83,0.04
27000,22,74,4,0.22,0.74,0.04
27100,24,69,7,0.24,0.69,0.07
27200,23,73,4,0.23,0.73,0.04
27300,17,79,4,0.17,0.79,0.04
27400,22,73,5,0.22,0.73,0.05
27500,21,78,1,0.21,0.78,0.01
27600,19,78,3,0.19,0.78,0.03
27700,25,70,5,0.25,0.7,0.05
27800,22,73,5,0.22,0.73,0.05
27900,18,77,5,0.18,0.77,0.05
28000,20,73,7,0.2,0.73,0.07
28100,23,75,2,0.23,0.75,0.02
28200,21,70,9,0.21,0.7,0.09
28300,16,80,4,0.16,0.8,0.04
28400,22,76,2,0.22,0.76,0.02
28500,20,76,4,0.2,0.76,0.04
28600,24,71,5,0.24,0.71,0.05
28700,20,78,2,0.2,0.78,0.02
28800,18,78,4,0.18,0.78,0.04
28900,16,80,4,0.16,0.8,0.04
29000,16,81,3,0.16,0.81,0.03
29100,19,78,3,0.19,0.78,0.03
29200,20,76,4,0.2,0.76,0.04
29300,24,76,0,0.24,0.76,0.0
29400,26,72,2,0.26,0.72,0.02
29500,25,72,3,0.25,0.72,0.03
29600,23,73,4,0.23,0.73,0.04
29700,21,76,3,0.21,0.76,0.03
29800,20,78,2,0.2,0.78,0.02
29900,23,74,3,0.23,0.74,0.03
30000,16,81,3,0.16,0.81,0.03
30100,25,72,3,0.25,0.72,0.03
30200,25,70,5,0.25,0.7,0.05
30300,26,72,2,0.26,0.72,0.02
30400,24,72,4,0.24,0.72,0.04
30500,20,79,1,0.2,0.79,0.01
30600,23,74,3,0.23,0.74,0.03
30700,15,82,3,0.15,0.82,0.03
30800,19,77,4,0.19,0.77,0.04
30900,32,67,1,0.32,0.67,0.01
31000,21,75,4,0.21,0.75,0.04
31100,20,78,2,0.2,0.78,0.02
31200,22,78,0,0.22,0.78,0.0
31300,23,73,4,0.23,0.73,0.04
31400,17,76,7,0.17,0.76,0.07
31500,17,79,4,0.17,0.79,0.04
31600,20,74,6,0.2,0.74,0.06
31700,24,70,6,0.24,0.7,0.06
31800,25,73,2,0.25,0.73,0.02
31900,23,74,3,0.23,0.74,0.03
32000,18,77,5,0.18,0.77,0.05
32100,20,73,7,0.2,0.73,0.07
32200,21,76,3,0.21,0.76,0.03
32300,20,74,6,0.2,0.74,0.06
32400,22,74,4,0.22,0.74,0.04
32500,27,67,6,0.27,0.67,0.06
32600,18,79,3,0.18,0.79,0.03
32700,24,73,3,0.24,0.73,0.03
32800,21,75,4,0.21,0.75,0.04
32900,20,78,2,0.2,0.78,0.02
33000,16,80,4,0.16,0.8,0.04
33100,27,70,3,0.27,0.7,0.03
33200,28,68,4,0.28,0.68,0.04
33300,20,78,2,0.2,0.78,0.02
33400,21,78,1,0.21,0.78,0.01
33500,21,74,5,0.21,0.74,0.05
33600,21,75,4,0.21,0.75,0.04
33700,23,77,0,0.23,0.77,0.0
33800,30,69,1,0.3,0.69,0.01
33900,24,70,6,0.24,0.7,0.06
34000,25,74,1,0.25,0.74,0.01
34100,15,82,3,0.15,0.82,0.03
34200,25,74,1,0.25,0.74,0.01
34300,18,79,3,0.18,0.79,0.03
34400,18,77,5,0.18,0.77,0.05
34500,21,78,1,0.21,0.78,0.01
34600,21,74,5,0.21,0.74,0.05
34700,21,76,3,0.21,0.76,0.03
34800,25,71,4,0.25,0.71,0.04
34900,14,81,5,0.14,0.81,0.05
35000,20,74,6,0.2,0.74,0.06
35100,26,69,5,0.26,0.69,0.05
35200,21,76,3,0.21,0.76,0.03
35300,18,74,8,0.18,0.74,0.08
35400,19,78,3,0.19,0.78,0.03
35500,15,82,3,0.15,0.82,0.03
35600,21,74,5,0.21,0.74,0.05
35700,23,74,3,0.23,0.74,0.03
35800,24,73,3,0.24,0.73,0.03
35900,23,72,5,0.23,0.72,0.05
36000,23,72,5,0.23,0.72,0.05
36100,26,73,1,0.26,0.73,0.01
36200,23,73,4,0.23,0.73,0.04
36300,24,72,4,0.24,0.72,0.04
36400,20,76,4,0.2,0.76,0.04
36500,21,76,3,0.21,0.76,0.03
36600,21,72,7,0.21,0.72,0.07
36700,18,77,5,0.18,0.77,0.05
36800,19,75,6,0.19,0.75,0.06
36900,17,78,5,0.17,0.78,0.05
37000,21,79,0,0.21,0.79,0.0
37100,16,78,6,0.16,0.78,0.06
37200,25,71,4,0.25,0.71,0.04
37300,14,80,6,0.14,0.8,0.06
37400,16,83,1,0.16,0.83,0.01
37500,23,75,2,0.23,0.75,0.02
37600,19,77,4,0.19,0.77,0.04
37700,19,77,4,0.19,0.77,0.04
37800,16,81,3,0.16,0.81,0.03
37900,16,82,2,0.16,0.82,0.02
38000,23,70,7,0.23,0.7,0.07
38100,23,74,3,0.23,0.74,0.03
38200,14,82,4,0.14,0.82,0.04
38300,19,77,4,0.19,0.77,0.04
38400,25,71,4,0.25,0.71,0.04
38500,21,74,5,0.21,0.74,0.05
38600,22,71,7,0.22,0.71,0.07
38700,21,76,3,0.21,0.76,0.03
38800,22,73,5,0.22,0.73,0.05
38900,22,75,3,0.22,0.75,0.03
39000,23,70,7,0.23,0.7,0.07
39100,29,69,2,0.29,0.69,0.02
39200,25,70,5,0.25,0.7,0.05
39300,16,77,7,0.16,0.77,0.07
39400,17,80,3,0.17,0.8,0.03
39500,23,73,4,0.23,0.73,0.04
39600,18,76,6,0.18,0.76,0.06
39700,15,80,5,0.15,0.8,0.05
39800,18,78,4,0.18,0.78,0.04
39900,22,75,3,0.22,0.75,0.03
40000,17,78,5,0.17,0.78,0.05
40100,22,77,1,0.22,0.77,0.01
40200,16,79,5,0.16,0.79,0.05
40300,21,73,6,0.21,0.73,0.06
40400,16,77,7,0.16,0.77,0.07
40500,18,79,3,0.18,0.79,0.03
40600,28,69,3,0.28,0.69,0.03
40700,22,74,4,0.22,0.74,0.04
40800,21,76,3,0.21,0.76,0.03
40900,15,82,3,0.15,0.82,0.03
41000,19,74,7,0.19,0.74,0.07
41100,15,82,3,0.15,0.82,0.03
41200,20,78,2,0.2,0.78,0.02
41300,19,75,6,0.19,0.75,0.06
41400,21,76,3,0.21,0.76,0.03
41500,12,86,2,0.12,0.86,0.02
41600,20,76,4,0.2,0.76,0.04
41700,21,74,5,0.21,0.74,0.05
41800,18,79,3,0.18,0.79,0.03
41900,13,81,6,0.13,0.81,0.06
42000,24,74,2,0.24,0.74,0.02
42100,15,81,4,0.15,0.81,0.04
42200,21,76,3,0.21,0.76,0.03
42300,18,81,1,0.18,0.81,0.01
42400,22,76,2,0.22,0.76,0.02
42500,20,76,4,0.2,0.76,0.04
42600,21,74,5,0.21,0.74,0.05
42700,18,80,2,0.18,0.8,0.02
42800,23,76,1,0.23,0.76,0.01
42900,25,71,4,0.25,0.71,0.04
43000,21,77,2,0.21,0.77,0.02
43100,15,78,7,0.15,0.78,0.07
43200,17,80,3,0.17,0.8,0.03
43300,19,79,2,0.19,0.79,0.02
43400,21,72,7,0.21,0.72,0.07
43500,18,78,4,0.18,0.78,0.04
43600,18,81,1,0.18,0.81,0.01
43700,18,79,3,0.18,0.79,0.03
43800,23,75,2,0.23,0.75,0.02
43900,19,77,4,0.19,0.77,0.04
44000,18,80,2,0.18,0.8,0.02
44100,20,77,3,0.2,0.77,0.03
44200,24,72,4,0.24,0.72,0.04
44300,20,78,2,0.2,0.78,0.02
44400,16,81,3,0.16,0.81,0.03
44500,28,68,4,0.28,0.68,0.04
44600,19,77,4,0.19,0.77,0.04
44700,29,68,3,0.29,0.68,0.03
44800,23,75,2,0.23,0.75,0.02
44900,18,78,4,0.18,0.78,0.04
45000,24,72,4,0.24,0.72,0.04
45100,22,76,2,0.22,0.76,0.02
45200,21,78,1,0.21,0.78,0.01
45300,20,76,4,0.2,0.76,0.04
45400,14,85,1,0.14,0.85,0.01
45500,18,81,1,0.18,0.81,0.01
45600,15,81,4,0.15,0.81,0.04
45700,15,82,3,0.15,0.82,0.03
45800,17,79,4,0.17,0.79,0.04
45900,18,77,5,0.18,0.77,0.05
46000,25,73,2,0.25,0.73,0.02
46100,26,73,1,0.26,0.73,0.01
46200,17,80,3,0.17,0.8,0.03
46300,18,81,1,0.18,0.81,0.01
46400,20,77,3,0.2,0.77,0.03
46500,12,85,3,0.12,0.85,0.03
46600,20,78,2,0.2,0.78,0.02
46700,23,73,4,0.23,0.73,0.04
46800,14,82,4,0.14,0.82,0.04
46900,24,73,3,0.24,0.73,0.03
47000,23,72,5,0.23,0.72,0.05
47100,17,79,4,0.17,0.79,0.04
47200,24,73,3,0.24,0.73,0.03
47300,17,78,5,0.17,0.78,0.05
47400,22,72,6,0.22,0.72,0.06
47500,21,77,2,0.21,0.77,0.02
47600,17,80,3,0.17,0.8,0.03
47700,26,72,2,0.26,0.72,0.02
47800,20,77,3,0.2,0.77,0.03
47900,20,78,2,0.2,0.78,0.02
48000,18,80,2,0.18,0.8,0.02
48100,16,79,5,0.16,0.79,0.05
48200,29,70,1,0.29,0.7,0.01
48300,20,77,3,0.2,0.77,0.03
48400,23,74,3,0.23,0.74,0.03
48500,23,76,1,0.23,0.76,0.01
48600,17,78,5,0.17,0.78,0.05
48700,21,76,3,0.21,0.76,0.03
48800,16,83,1,0.16,0.83,0.01
48900,25,71,4,0.25,0.71,0.04
49000,16,82,2,0.16,0.82,0.02
49100,24,73,3,0.24,0.73,0.03
49200,22,74,4,0.22,0.74,0.04
49300,20,76,4,0.2,0.76,0.04
49400,15,80,5,0.15,0.8,0.05
49500,16,81,3,0.16,0.81,0.03
49600,17,80,3,0.17,0.8,0.03
49700,19,78,3,0.19,0.78,0.03
49800,24,72,4,0.24,0.72,0.04
49900,18,77,5,0.18,0.77,0.05
50000,25,72,3,0.25,0.72,0.03
50100,16,81,3,0.16,0.81,0.03
50200,20,77,3,0.2,0.77,0.03
50300,25,67,8,0.25,0.67,0.08
50400,21,75,4,0.21,0.75,0.04
50500,23,72,5,0.23,0.72,0.05
50600,20,72,8,0.2,0.72,0.08
50700,16,77,7,0.16,0.77,0.07
50800,20,78,2,0.2,0.78,0.02
50900,21,75,4,0.21,0.75,0.04
51000,21,74,5,0.21,0.74,0.05
51100,14,81,5,0.14,0.81,0.05
51200,22,74,4,0.22,0.74,0.04
51300,23,75,2,0.23,0.75,0.02
51400,27,66,7,0.27,0.66,0.07
51500,20,78,2,0.2,0.78,0.02
51600,24,68,8,0.24,0.68,0.08
51700,18,77,5,0.18,0.77,0.05
51800,23,74,3,0.23,0.74,0.03
51900,16,79,5,0.16,0.79,0.05
52000,19,74,7,0.19,0.74,0.07
52100,17,80,3,0.17,0.8,0.03
52200,20,76,4,0.2,0.76,0.04
52300,21,77,2,0.21,0.77,0.02
52400,15,82,3,0.15,0.82,0.03
52500,17,81,2,0.17,0.81,0.02
52600,29,66,5,0.29,0.66,0.05
52700,15,79,6,0.15,0.79,0.06
52800,19,78,3,0.19,0.78,0.03
52900,17,79,4,0.17,0.79,0.04
53000,18,79,3,0.18,0.79,0.03
53100,28,70,2,0.28,0.7,0.02
53200,17,78,5,0.17,0.78,0.05
53300,18,79,3,0.18,0.79,0.03
53400,26,72,2,0.26,0.72,0.02
53500,19,73,8,0.19,0.73,0.08
53600,18,77,5,0.18,0.77,0.05
53700,22,74,4,0.22,0.74,0.04
53800,20,80,0,0.2,0.8,0.0
53900,13,82,5,0.13,0.82,0.05
54000,20,77,3,0.2,0.77,0.03
54100,16,78,6,0.16,0.78,0.06
54200,14,82,4,0.14,0.82,0.04
54300,24,74,2,0.24,0.74,0.02
54400,12,85,3,0.12,0.85,0.03
54500,23,75,2,0.23,0.75,0.02
54600,14,81,5,0.14,0.81,0.05
54700,19,76,5,0.19,0.76,0.05
54800,14,82,4,0.14,0.82,0.04
54900,15,80,5,0.15,0.8,0.05
55000,20,75,5,0.2,0.75,0.05
55100,22,72,6,0.22,0.72,0.06
55200,7,90,3,0.07,0.9,0.03
55300,11,84,5,0.11,0.84,0.05
55400,20,79,1,0.2,0.79,0.01
55500,23,72,5,0.23,0.72,0.05
55600,19,78,3,0.19,0.78,0.03
55700,20,74,6,0.2,0.74,0.06
55800,16,81,3,0.16,0.81,0.03
55900,22,73,5,0.22,0.73,0.05
56000,18,80,2,0.18,0.8,0.02
56100,18,78,4,0.18,0.78,0.04
56200,15,78,7,0.15,0.78,0.07
56300,15,80,5,0.15,0.8,0.05
56400,21,72,7,0.21,0.72,0.07
56500,14,82,4,0.14,0.82,0.04
56600,15,81,4,0.15,0.81,0.04
56700,13,83,4,0.13,0.83,0.04
56800,17,77,6,0.17,0.77,0.06
56900,14,83,3,0.14,0.83,0.03
57000,18,78,4,0.18,0.78,0.04
57100,24,73,3,0.24,0.73,0.03
57200,21,77,2,0.21,0.77,0.02
57300,19,79,2,0.19,0.79,0.02
57400,17,82,1,0.17,0.82,0.01
57500,23,76,1,0.23,0.76,0.01
57600,13,87,0,0.13,0.87,0.0
57700,19,75,6,0.19,0.75,0.06
57800,18,75,7,0.18,0.75,0.07
57900,15,81,4,0.15,0.81,0.04
58000,20,75,5,0.2,0.75,0.05
58100,14,79,7,0.14,0.79,0.07
58200,16,79,5,0.16,0.79,0.05
58300,20,79,1,0.2,0.79,0.01
58400,20,73,7,0.2,0.73,0.07
58500,26,73,1,0.26,0.73,0.01
58600,16,81,3,0.16,0.81,0.03
58700,23,72,5,0.23,0.72,0.05
58800,15,83,2,0.15,0.83,0.02
58900,18,79,3,0.18,0.79,0.03
59000,14,84,2,0.14,0.84,0.02
59100,26,72,2,0.26,0.72,0.02
59200,12,86,2,0.12,0.86,0.02
59300,23,74,3,0.23,0.74,0.03
59400,21,78,1,0.21,0.78,0.01
59500,20,73,7,0.2,0.73,0.07
59600,19,75,6,0.19,0.75,0.06
59700,23,72,5,0.23,0.72,0.05
59800,17,79,4,0.17,0.79,0.04
59900,20,75,5,0.2,0.75,0.05
60000,17,81,2,0.17,0.81,0.02
60100,25,71,4,0.25,0.71,0.04
60200,18,77,5,0.18,0.77,0.05
60300,25,68,7,0.25,0.68,0.07
60400,19,76,5,0.19,0.76,0.05
60500,20,77,3,0.2,0.77,0.03
60600,24,72,4,0.24,0.72,0.04
60700,16,83,1,0.16,0.83,0.01
60800,20,75,5,0.2,0.75,0.05
60900,19,79,2,0.19,0.79,0.02
61000,12,82,6,0.12,0.82,0.06
61100,21,77,2,0.21,0.77,0.02
61200,23,74,3,0.23,0.74,0.03
61300,17,82,1,0.17,0.82,0.01
61400,20,79,1,0.2,0.79,0.01
61500,23,75,2,0.23,0.75,0.02
61600,19,77,4,0.19,0.77,0.04
61700,19,76,5,0.19,0.76,0.05
61800,17,75,8,0.17,0.75,0.08
61900,12,86,2,0.12,0.86,0.02
62000,21,77,2,0.21,0.77,0.02
62100,17,80,3,0.17,0.8,0.03
62200,26,73,1,0.26,0.73,0.01
62300,14,82,4,0.14,0.82,0.04
62400,20,77,3,0.2,0.77,0.03
62500,16,81,3,0.16,0.81,0.03
62600,16,81,3,0.16,0.81,0.03
62700,17,78,5,0.17,0.78,0.05
62800,18,78,4,0.18,0.78,0.04
62900,15,80,5,0.15,0.8,0.05
63000,15,82,3,0.15,0.82,0.03
63100,23,71,6,0.23,0.71,0.06
63200,20,74,6,0.2,0.74,0.06
63300,21,76,3,0.21,0.76,0.03
63400,25,74,1,0.25,0.74,0.01
63500,22,76,2,0.22,0.76,0.02
63600,17,78,5,0.17,0.78,0.05
63700,24,73,3,0.24,0.73,0.03
63800,18,79,3,0.18,0.79,0.03
63900,20,77,3,0.2,0.77,0.03
64000,17,78,5,0.17,0.78,0.05
64100,17,79,4,0.17,0.79,0.04
64200,18,80,2,0.18,0.8,0.02
64300,17,80,3,0.17,0.8,0.03
64400,29,66,5,0.29,0.66,0.05
64500,18,78,4,0.18,0.78,0.04
64600,17,78,5,0.17,0.78,0.05
64700,20,72,8,0.2,0.72,0.08
64800,22,77,1,0.22,0.77,0.01
64900,19,79,2,0.19,0.79,0.02
65000,19,77,4,0.19,0.77,0.04
65100,14,79,7,0.14,0.79,0.07
65200,22,74,4,0.22,0.74,0.04
65300,20,80,0,0.2,0.8,0.0
65400,25,72,3,0.25,0.72,0.03
65500,21,78,1,0.21,0.78,0.01
65600,17,81,2,0.17,0.81,0.02
65700,13,82,5,0.13,0.82,0.05
65800,13,83,4,0.13,0.83,0.04
65900,20,73,7,0.2,0.73,0.07
66000,25,73,2,0.25,0.73,0.02
66100,17,81,2,0.17,0.81,0.02
66200,18,80,2,0.18,0.8,0.02
66300,18,79,3,0.18,0.79,0.03
66400,19,79,2,0.19,0.79,0.02
66500,21,76,3,0.21,0.76,0.03
66600,21,77,2,0.21,0.77,0.02
66700,22,76,2,0.22,0.76,0.02
66800,16,83,1,0.16,0.83,0.01
66900,14,81,5,0.14,0.81,0.05
67000,21,77,2,0.21,0.77,0.02
67100,14,83,3,0.14,0.83,0.03
67200,23,75,2,0.23,0.75,0.02
67300,19,79,2,0.19,0.79,0.02
67400,15,81,4,0.15,0.81,0.04
67500,14,81,5,0.14,0.81,0.05
67600,18,79,3,0.18,0.79,0.03
67700,20,79,1,0.2,0.79,0.01
67800,22,74,4,0.22,0.74,0.04
67900,12,84,4,0.12,0.84,0.04
68000,16,80,4,0.16,0.8,0.04
68100,23,70,7,0.23,0.7,0.07
68200,14,83,3,0.14,0.83,0.03
68300,17,78,5,0.17,0.78,0.05
68400,16,81,3,0.16,0.81,0.03
68500,16,80,4,0.16,0.8,0.04
68600,18,76,6,0.18,0.76,0.06
68700,19,78,3,0.19,0.78,0.03
68800,15,84,1,0.15,0.84,0.01
68900,14,81,5,0.14,0.81,0.05
69000,24,72,4,0.24,0.72,0.04
69100,23,74,3,0.23,0.74,0.03
69200,15,84,1,0.15,0.84,0.01
69300,16,81,3,0.16,0.81,0.03
69400,21,73,6,0.21,0.73,0.06
69500,9,88,3,0.09,0.88,0.03
69600,19,76,5,0.19,0.76,0.05
69700,17,82,1,0.17,0.82,0.01
69800,21,75,4,0.21,0.75,0.04
69900,19,79,2,0.19,0.79,0.02
70000,17,81,2,0.17,0.81,0.02
70100,15,83,2,0.15,0.83,0.02
70200,19,80,1,0.19,0.8,0.01
70300,17,79,4,0.17,0.79,0.04
70400,19,80,1,0.19,0.8,0.01
70500,23,71,6,0.23,0.71,0.06
70600,14,85,1,0.14,0.85,0.01
70700,12,84,4,0.12,0.84,0.04
70800,17,80,3,0.17,0.8,0.03
70900,22,73,5,0.22,0.73,0.05
71000,24,72,4,0.24,0.72,0.04
71100,18,78,4,0.18,0.78,0.04
71200,21,77,2,0.21,0.77,0.02
71300,22,77,1,0.22,0.77,0.01
71400,29,68,3,0.29,0.68,0.03
71500,17,80,3,0.17,0.8,0.03
71600,19,78,3,0.19,0.78,0.03
71700,13,81,6,0.13,0.81,0.06
71800,18,79,3,0.18,0.79,0.03
71900,25,71,4,0.25,0.71,0.04
72000,14,86,0,0.14,0.86,0.0
72100,22,74,4,0.22,0.74,0.04
72200,14,79,7,0.14,0.79,0.07
72300,21,77,2,0.21,0.77,0.02
72400,17,83,0,0.17,0.83,0.0
72500,21,76,3,0.21,0.76,0.03
72600,17,79,4,0.17,0.79,0.04
72700,20,78,2,0.2,0.78,0.02
72800,19,78,3,0.19,0.78,0.03
72900,19,76,5,0.19,0.76,0.05
73000,19,80,1,0.19,0.8,0.01
73100,17,77,6,0.17,0.77,0.06
73200,20,80,0,0.2,0.8,0.0
73300,16,83,1,0.16,0.83,0.01
73400,23,73,4,0.23,0.73,0.04
73500,22,72,6,0.22,0.72,0.06
73600,16,77,7,0.16,0.77,0.07
73700,22,76,2,0.22,0.76,0.02
73800,14,80,6,0.14,0.8,0.06
73900,29,68,3,0.29,0.68,0.03
74000,17,79,4,0.17,0.79,0.04
74100,14,84,2,0.14,0.84,0.02
74200,21,77,2,0.21,0.77,0.02
74300,18,80,2,0.18,0.8,0.02
74400,17,83,0,0.17,0.83,0.0
74500,19,79,2,0.19,0.79,0.02
74600,23,73,4,0.23,0.73,0.04
74700,17,78,5,0.17,0.78,0.05
74800,17,80,3,0.17,0.8,0.03
74900,19,77,4,0.19,0.77,0.04
75000,18,77,5,0.18,0.77,0.05
75100,25,72,3,0.25,0.72,0.03
75200,19,76,5,0.19,0.76,0.05
75300,20,73,7,0.2,0.73,0.07
75400,19,76,5,0.19,0.76,0.05
75500,23,77,0,0.23,0.77,0.0
75600,23,73,4,0.23,0.73,0.04
75700,24,74,2,0.24,0.74,0.02
75800,19,77,4,0.19,0.77,0.04
75900,17,80,3,0.17,0.8,0.03
76000,18,79,3,0.18,0.79,0.03
76100,14,80,6,0.14,0.8,0.06
76200,16,83,1,0.16,0.83,0.01
76300,17,79,4,0.17,0.79,0.04
76400,27,73,0,0.27,0.73,0.0
76500,21,73,6,0.21,0.73,0.06
76600,18,79,3,0.18,0.79,0.03
76700,21,77,2,0.21,0.77,0.02
76800,16,80,4,0.16,0.8,0.04
76900,23,71,6,0.23,0.71,0.06
77000,17,79,4,0.17,0.79,0.04
77100,19,78,3,0.19,0.78,0.03
77200,28,71,1,0.28,0.71,0.01
77300,11,85,4,0.11,0.85,0.04
77400,17,80,3,0.17,0.8,0.03
77500,20,77,3,0.2,0.77,0.03
77600,18,79,3,0.18,0.79,0.03
77700,23,74,3,0.23,0.74,0.03
77800,19,78,3,0.19,0.78,0.03
77900,21,72,7,0.21,0.72,0.07
78000,20,77,3,0.2,0.77,0.03
78100,19,79,2,0.19,0.79,0.02
78200,19,77,4,0.19,0.77,0.04
78300,24,73,3,0.24,0.73,0.03
78400,20,79,1,0.2,0.79,0.01
78500,22,72,6,0.22,0.72,0.06
78600,19,78,3,0.19,0.78,0.03
78700,17,81,2,0.17,0.81,0.02
78800,24,72,4,0.24,0.72,0.04
78900,19,77,4,0.19,0.77,0.04
79000,19,79,2,0.19,0.79,0.02
79100,22,71,7,0.22,0.71,0.07
79200,21,76,3,0.21,0.76,0.03
79300,18,80,2,0.18,0.8,0.02
79400,15,81,4,0.15,0.81,0.04
79500,20,77,3,0.2,0.77,0.03
79600,24,74,2,0.24,0.74,0.02
79700,21,75,4,0.21,0.75,0.04
79800,14,82,4,0.14,0.82,0.04
79900,23,73,4,0.23,0.73,0.04
80000,16,82,2,0.16,0.82,0.02
80100,17,80,3,0.17,0.8,0.03
80200,18,78,4,0.18,0.78,0.04
80300,22,75,3,0.22,0.75,0.03
80400,21,71,8,0.21,0.71,0.08
80500,15,85,0,0.15,0.85,0.0
80600,18,75,7,0.18,0.75,0.07
80700,11,85,4,0.11,0.85,0.04
80800,19,79,2,0.19,0.79,0.02
80900,19,78,3,0.19,0.78,0.03
81000,18,79,3,0.18,0.79,0.03
81100,17,82,1,0.17,0.82,0.01
81200,20,75,5,0.2,0.75,0.05
81300,26,72,2,0.26,0.72,0.02
81400,17,78,5,0.17,0.78,0.05
81500,21,78,1,0.21,0.78,0.01
81600,18,76,6,0.18,0.76,0.06
81700,17,79,4,0.17,0.79,0.04
81800,20,79,1,0.2,0.79,0.01
81900,17,79,4,0.17,0.79,0.04
82000,18,80,2,0.18,0.8,0.02
82100,18,81,1,0.18,0.81,0.01
82200,19,78,3,0.19,0.78,0.03
82300,18,74,8,0.18,0.74,0.08
82400,19,79,2,0.19,0.79,0.02
82500,21,76,3,0.21,0.76,0.03
82600,22,72,6,0.22,0.72,0.06
82700,24,74,2,0.24,0.74,0.02
82800,28,67,5,0.28,0.67,0.05
82900,20,79,1,0.2,0.79,0.01
83000,27,68,5,0.27,0.68,0.05
83100,25,73,2,0.25,0.73,0.02
83200,15,80,5,0.15,0.8,0.05
83300,14,83,3,0.14,0.83,0.03
83400,20,77,3,0.2,0.77,0.03
83500,13,83,4,0.13,0.83,0.04
83600,17,81,2,0.17,0.81,0.02
83700,13,83,4,0.13,0.83,0.04
83800,19,79,2,0.19,0.79,0.02
83900,16,80,4,0.16,0.8,0.04
84000,17,78,5,0.17,0.78,0.05
84100,21,74,5,0.21,0.74,0.05
84200,13,82,5,0.13,0.82,0.05
84300,18,79,3,0.18,0.79,0.03
84400,13,83,4,0.13,0.83,0.04
84500,9,88,3,0.09,0.88,0.03
84600,22,72,6,0.22,0.72,0.06
84700,15,82,3,0.15,0.82,0.03
84800,18,80,2,0.18,0.8,0.02
84900,22,71,7,0.22,0.71,0.07
85000,24,73,3,0.24,0.73,0.03
85100,18,76,6,0.18,0.76,0.06
85200,25,72,3,0.25,0.72,0.03
85300,17,78,5,0.17,0.78,0.05
85400,17,80,3,0.17,0.8,0.03
85500,22,75,3,0.22,0.75,0.03
85600,18,79,3,0.18,0.79,0.03
85700,16,74,10,0.16,0.74,0.1
85800,21,78,1,0.21,0.78,0.01
85900,21,79,0,0.21,0.79,0.0
86000,16,80,4,0.16,0.8,0.04
86100,18,78,4,0.18,0.78,0.04
86200,21,72,7,0.21,0.72,0.07
86300,22,72,6,0.22,0.72,0.06
86400,19,74,7,0.19,0.74,0.07
86500,17,80,3,0.17,0.8,0.03
86600,17,80,3,0.17,0.8,0.03
86700,14,81,5,0.14,0.81,0.05
86800,20,79,1,0.2,0.79,0.01
86900,21,78,1,0.21,0.78,0.01
87000,23,76,1,0.23,0.76,0.01
87100,15,85,0,0.15,0.85,0.0
87200,16,83,1,0.16,0.83,0.01
87300,20,77,3,0.2,0.77,0.03
87400,23,73,4,0.23,0.73,0.04
87500,20,73,7,0.2,0.73,0.07
87600,22,76,2,0.22,0.76,0.02
87700,16,79,5,0.16,0.79,0.05
87800,16,80,4,0.16,0.8,0.04
87900,17,80,3,0.17,0.8,0.03
88000,19,79,2,0.19,0.79,0.02
88100,20,76,4,0.2,0.76,0.04
88200,19,79,2,0.19,0.79,0.02
88300,10,85,5,0.1,0.85,0.05
88400,19,74,7,0.19,0.74,0.07
88500,21,73,6,0.21,0.73,0.06
88600,19,76,5,0.19,0.76,0.05
88700,17,78,5,0.17,0.78,0.05
88800,22,75,3,0.22,0.75,0.03
88900,13,86,1,0.13,0.86,0.01
89000,17,81,2,0.17,0.81,0.02
89100,25,68,7,0.25,0.68,0.07
89200,19,77,4,0.19,0.77,0.04
89300,15,83,2,0.15,0.83,0.02
89400,15,81,4,0.15,0.81,0.04
89500,27,69,4,0.27,0.69,0.04
89600,25,69,6,0.25,0.69,0.06
89700,20,72,8,0.2,0.72,0.08
89800,18,78,4,0.18,0.78,0.04
89900,23,77,0,0.23,0.77,0.0
90000,15,79,6,0.15,0.79,0.06
90100,16,78,6,0.16,0.78,0.06
90200,18,77,5,0.18,0.77,0.05
90300,20,78,2,0.2,0.78,0.02
90400,20,74,6,0.2,0.74,0.06
90500,21,73,6,0.21,0.73,0.06
90600,21,75,4,0.21,0.75,0.04
90700,19,80,1,0.19,0.8,0.01
90800,19,76,5,0.19,0.76,0.05
90900,24,72,4,0.24,0.72,0.04
91000,20,75,5,0.2,0.75,0.05
91100,17,81,2,0.17,0.81,0.02
91200,12,86,2,0.12,0.86,0.02
91300,19,81,0,0.19,0.81,0.0
91400,24,74,2,0.24,0.74,0.02
91500,14,80,6,0.14,0.8,0.06
91600,20,77,3,0.2,0.77,0.03
91700,22,74,4,0.22,0.74,0.04
91800,16,80,4,0.16,0.8,0.04
91900,23,76,1,0.23,0.76,0.01
92000,21,76,3,0.21,0.76,0.03
92100,19,77,4,0.19,0.77,0.04
92200,18,79,3,0.18,0.79,0.03
92300,18,80,2,0.18,0.8,0.02
92400,17,82,1,0.17,0.82,0.01
92500,21,76,3,0.21,0.76,0.03
92600,23,75,2,0.23,0.75,0.02
92700,23,74,3,0.23,0.74,0.03
92800,14,80,6,0.14,0.8,0.06
92900,20,76,4,0.2,0.76,0.04
93000,17,81,2,0.17,0.81,0.02
93100,23,75,2,0.23,0.75,0.02
93200,15,83,2,0.15,0.83,0.02
93300,22,74,4,0.22,0.74,0.04
93400,21,78,1,0.21,0.78,0.01
93500,27,72,1,0.27,0.72,0.01
93600,17,80,3,0.17,0.8,0.03
93700,21,74,5,0.21,0.74,0.05
93800,20,76,4,0.2,0.76,0.04
93900,24,75,1,0.24,0.75,0.01
94000,16,79,5,0.16,0.79,0.05
94100,21,77,2,0.21,0.77,0.02
94200,16,77,7,0.16,0.77,0.07
94300,16,83,1,0.16,0.83,0.01
94400,28,67,5,0.28,0.67,0.05
94500,14,84,2,0.14,0.84,0.02
94600,16,82,2,0.16,0.82,0.02
94700,19,78,3,0.19,0.78,0.03
94800,13,78,9,0.13,0.78,0.09
94900,18,79,3,0.18,0.79,0.03
95000,21,77,2,0.21,0.77,0.02
95100,16,79,5,0.16,0.79,0.05
95200,16,80,4,0.16,0.8,0.04
95300,22,73,5,0.22,0.73,0.05
95400,16,78,6,0.16,0.78,0.06
95500,22,76,2,0.22,0.76,0.02
95600,21,74,5,0.21,0.74,0.05
95700,9,89,2,0.09,0.89,0.02
95800,19,80,1,0.19,0.8,0.01
95900,18,80,2,0.18,0.8,0.02
96000,22,76,2,0.22,0.76,0.02
96100,21,76,3,0.21,0.76,0.03
96200,22,74,4,0.22,0.74,0.04
96300,17,76,7,0.17,0.76,0.07
96400,16,83,1,0.16,0.83,0.01
96500,20,77,3,0.2,0.77,0.03
96600,14,86,0,0.14,0.86,0.0
96700,18,78,4,0.18,0.78,0.04
96800,17,81,2,0.17,0.81,0.02
96900,20,78,2,0.2,0.78,0.02
97000,23,75,2,0.23,0.75,0.02
97100,13,83,4,0.13,0.83,0.04
97200,20,77,3,0.2,0.77,0.03
97300,17,80,3,0.17,0.8,0.03
97400,19,77,4,0.19,0.77,0.04
97500,16,84,0,0.16,0.84,0.0
97600,19,76,5,0.19,0.76,0.05
97700,19,80,1,0.19,0.8,0.01
97800,23,74,3,0.23,0.74,0.03
97900,18,79,3,0.18,0.79,0.03
98000,20,76,4,0.2,0.76,0.04
98100,21,76,3,0.21,0.76,0.03
98200,22,75,3,0.22,0.75,0.03
98300,20,76,4,0.2,0.76,0.04
98400,24,73,3,0.24,0.73,0.03
98500,20,73,7,0.2,0.73,0.07
98600,17,79,4,0.17,0.79,0.04
98700,22,74,4,0.22,0.74,0.04
98800,22,74,4,0.22,0.74,0.04
98900,12,84,4,0.12,0.84,0.04
99000,19,79,2,0.19,0.79,0.02
99100,20,77,3,0.2,0.77,0.03
99200,23,75,2,0.23,0.75,0.02
99300,27,72,1,0.27,0.72,0.01
99400,28,68,4,0.28,0.68,0.04
99500,22,75,3,0.22,0.75,0.03
99600,24,71,5,0.24,0.71,0.05
99700,11,85,4,0.11,0.85,0.04
99800,19,74,7,0.19,0.74,0.07
99900,14,84,2,0.14,0.84,0.02
100000,27,69,4,0.27,0.69,0.04
100100,16,82,2,0.16,0.82,0.02
100200,16,78,6,0.16,0.78,0.06
100300,21,78,1,0.21,0.78,0.01
100400,15,78,7,0.15,0.78,0.07
100500,21,75,4,0.21,0.75,0.04
100600,16,79,5,0.16,0.79,0.05
100700,15,81,4,0.15,0.81,0.04
100800,21,75,4,0.21,0.75,0.04
100900,18,76,6,0.18,0.76,0.06
101000,20,74,6,0.2,0.74,0.06
101100,13,83,4,0.13,0.83,0.04
101200,19,78,3,0.19,0.78,0.03
101300,25,71,4,0.25,0.71,0.04
101400,25,73,2,0.25,0.73,0.02
101500,15,82,3,0.15,0.82,0.03
101600,21,73,6,0.21,0.73,0.06
101700,19,79,2,0.19,0.79,0.02
101800,21,73,6,0.21,0.73,0.06
101900,19,80,1,0.19,0.8,0.01
102000,24,71,5,0.24,0.71,0.05
102100,21,76,3,0.21,0.76,0.03
102200,18,79,3,0.18,0.79,0.03
102300,15,82,3,0.15,0.82,0.03
102400,19,77,4,0.19,0.77,0.04
102500,22,74,4,0.22,0.74,0.04
102600,18,81,1,0.18,0.81,0.01
102700,12,84,4,0.12,0.84,0.04
102800,18,77,5,0.18,0.77,0.05
102900,26,70,4,0.26,0.7,0.04
103000,22,74,4,0.22,0.74,0.04
103100,21,75,4,0.21,0.75,0.04
103200,28,70,2,0.28,0.7,0.02
103300,19,80,1,0.19,0.8,0.01
103400,17,79,4,0.17,0.79,0.04
103500,19,78,3,0.19,0.78,0.03
103600,24,71,5,0.24,0.71,0.05
103700,23,75,2,0.23,0.75,0.02
103800,27,71,2,0.27,0.71,0.02
103900,20,78,2,0.2,0.78,0.02
104000,18,80,2,0.18,0.8,0.02
104100,30,67,3,0.3,0.67,0.03
104200,17,81,2,0.17,0.81,0.02
104300,21,73,6,0.21,0.73,0.06
104400,22,72,6,0.22,0.72,0.06
104500,18,78,4,0.18,0.78,0.04
104600,18,80,2,0.18,0.8,0.02
104700,27,71,2,0.27,0.71,0.02
104800,18,78,4,0.18,0.78,0.04
104900,26,71,3,0.26,0.71,0.03
105000,19,79,2,0.19,0.79,0.02
105100,20,76,4,0.2,0.76,0.04
105200,18,79,3,0.18,0.79,0.03
105300,15,81,4,0.15,0.81,0.04
105400,13,85,2,0.13,0.85,0.02
105500,19,79,2,0.19,0.79,0.02
105600,27,69,4,0.27,0.69,0.04
105700,20,79,1,0.2,0.79,0.01
105800,16,79,5,0.16,0.79,0.05
105900,24,74,2,0.24,0.74,0.02
106000,17,82,1,0.17,0.82,0.01
106100,21,72,7,0.21,0.72,0.07
106200,17,79,4,0.17,0.79,0.04
106300,24,72,4,0.24,0.72,0.04
106400,25,70,5,0.25,0.7,0.05
106500,24,71,5,0.24,0.71,0.05
106600,14,80,6,0.14,0.8,0.06
106700,20,78,2,0.2,0.78,0.02
106800,25,70,5,0.25,0.7,0.05
106900,15,83,2,0.15,0.83,0.02
107000,31,67,2,0.31,0.67,0.02
107100,24,68,8,0.24,0.68,0.08
107200,25,72,3,0.25,0.72,0.03
107300,19,76,5,0.19,0.76,0.05
107400,22,75,3,0.22,0.75,0.03
107500,20,78,2,0.2,0.78,0.02
107600,23,75,2,0.23,0.75,0.02
107700,18,76,6,0.18,0.76,0.06
107800,20,79,1,0.2,0.79,0.01
107900,17,81,2,0.17,0.81,0.02
108000,17,79,4,0.17,0.79,0.04
108100,22,75,3,0.22,0.75,0.03
108200,22,76,2,0.22,0.76,0.02
108300,17,81,2,0.17,0.81,0.02
108400,23,73,4,0.23,0.73,0.04
108500,18,77,5,0.18,0.77,0.05
108600,16,80,4,0.16,0.8,0.04
108700,16,81,3,0.16,0.81,0.03
108800,16,79,5,0.16,0.79,0.05
108900,13,83,4,0.13,0.83,0.04
109000,15,81,4,0.15,0.81,0.04
109100,19,76,5,0.19,0.76,0.05
109200,20,75,5,0.2,0.75,0.05
109300,21,75,4,0.21,0.75,0.04
109400,18,77,5,0.18,0.77,0.05
109500,18,78,4,0.18,0.78,0.04
109600,23,70,7,0.23,0.7,0.07
109700,16,78,6,0.16,0.78,0.06
109800,12,87,1,0.12,0.87,0.01
109900,17,81,2,0.17,0.81,0.02
110000,23,76,1,0.23,0.76,0.01
110100,28,68,4,0.28,0.68,0.04
110200,24,69,7,0.24,0.69,0.07
110300,14,84,2,0.14,0.84,0.02
110400,16,81,3,0.16,0.81,0.03
110500,17,80,3,0.17,0.8,0.03
110600,25,71,4,0.25,0.71,0.04
110700,26,69,5,0.26,0.69,0.05
110800,16,76,8,0.16,0.76,0.08
110900,27,71,2,0.27,0.71,0.02
111000,17,80,3,0.17,0.8,0.03
111100,24,73,3,0.24,0.73,0.03
111200,17,81,2,0.17,0.81,0.02
111300,11,86,3,0.11,0.86,0.03
111400,14,82,4,0.14,0.82,0.04
111500,18,80,2,0.18,0.8,0.02
111600,17,79,4,0.17,0.79,0.04
111700,24,75,1,0.24,0.75,0.01
111800,24,72,4,0.24,0.72,0.04
111900,20,76,4,0.2,0.76,0.04
112000,16,81,3,0.16,0.81,0.03
112100,18,78,4,0.18,0.78,0.04
112200,18,78,4,0.18,0.78,0.04
112300,17,79,4,0.17,0.79,0.04
112400,18,79,3,0.18,0.79,0.03
112500,15,81,4,0.15,0.81,0.04
112600,19,79,2,0.19,0.79,0.02
112700,25,72,3,0.25,0.72,0.03
112800,16,79,5,0.16,0.79,0.05
112900,21,73,6,0.21,0.73,0.06
113000,15,84,1,0.15,0.84,0.01
113100,20,78,2,0.2,0.78,0.02
113200,21,74,5,0.21,0.74,0.05
113300,22,75,3,0.22,0.75,0.03
113400,23,76,1,0.23,0.76,0.01
113500,20,78,2,0.2,0.78,0.02
113600,13,79,8,0.13,0.79,0.08
113700,18,78,4,0.18,0.78,0.04
113800,29,69,2,0.29,0.69,0.02
113900,17,81,2,0.17,0.81,0.02
114000,17,78,5,0.17,0.78,0.05
114100,19,79,2,0.19,0.79,0.02
114200,26,70,4,0.26,0.7,0.04
114300,13,87,0,0.13,0.87,0.0
114400,14,84,2,0.14,0.84,0.02
114500,21,76,3,0.21,0.76,0.03
114600,23,73,4,0.23,0.73,0.04
114700,12,85,3,0.12,0.85,0.03
114800,16,79,5,0.16,0.79,0.05
114900,22,75,3,0.22,0.75,0.03
115000,24,73,3,0.24,0.73,0.03
115100,17,82,1,0.17,0.82,0.01
115200,17,77,6,0.17,0.77,0.06
115300,21,78,1,0.21,0.78,0.01
115400,20,76,4,0.2,0.76,0.04
115500,25,73,2,0.25,0.73,0.02
115600,15,78,7,0.15,0.78,0.07
115700,26,67,7,0.26,0.67,0.07
115800,18,79,3,0.18,0.79,0.03
115900,22,74,4,0.22,0.74,0.04
116000,20,79,1,0.2,0.79,0.01
116100,19,77,4,0.19,0.77,0.04
116200,15,81,4,0.15,0.81,0.04
116300,10,83,7,0.1,0.83,0.07
116400,24,71,5,0.24,0.71,0.05
116500,24,72,4,0.24,0.72,0.04
116600,19,77,4,0.19,0.77,0.04
116700,14,83,3,0.14,0.83,0.03
116800,14,80,6,0.14,0.8,0.06
116900,24,71,5,0.24,0.71,0.05
117000,16,82,2,0.16,0.82,0.02
117100,18,80,2,0.18,0.8,0.02
117200,17,78,5,0.17,0.78,0.05
117300,17,78,5,0.17,0.78,0.05
117400,30,65,5,0.3,0.65,0.05
117500,23,77,0,0.23,0.77,0.0
117600,19,80,1,0.19,0.8,0.01
117700,15,76,9,0.15,0.76,0.09
117800,19,79,2,0.19,0.79,0.02
117900,17,80,3,0.17,0.8,0.03
118000,18,80,2,0.18,0.8,0.02
118100,13,86,1,0.13,0.86,0.01
118200,17,80,3,0.17,0.8,0.03
118300,20,78,2,0.2,0.78,0.02
118400,24,74,2,0.24,0.74,0.02
118500,22,75,3,0.22,0.75,0.03
118600,23,73,4,0.23,0.73,0.04
118700,13,81,6,0.13,0.81,0.06
118800,17,83,0,0.17,0.83,0.0
118900,18,78,4,0.18,0.78,0.04
119000,19,78,3,0.19,0.78,0.03
119100,17,80,3,0.17,0.8,0.03
119200,11,86,3,0.11,0.86,0.03
119300,27,69,4,0.27,0.69,0.04
119400,26,73,1,0.26,0.73,0.01
119500,20,76,4,0.2,0.76,0.04
119600,23,74,3,0.23,0.74,0.03
119700,20,78,2,0.2,0.78,0.02
119800,17,80,3,0.17,0.8,0.03
119900,17,79,4,0.17,0.79,0.04
120000,15,82,3,0.15,0.82,0.03
120100,24,70,6,0.24,0.7,0.06
120200,20,79,1,0.2,0.79,0.01
120300,20,78,2,0.2,0.78,0.02
120400,17,81,2,0.17,0.81,0.02
120500,16,83,1,0.16,0.83,0.01
120600,15,79,6,0.15,0.79,0.06
120700,18,78,4,0.18,0.78,0.04
120800,23,75,2,0.23,0.75,0.02
120900,21,77,2,0.21,0.77,0.02
121000,16,81,3,0.16,0.81,0.03
121100,18,78,4,0.18,0.78,0.04
121200,17,79,4,0.17,0.79,0.04
121300,17,79,4,0.17,0.79,0.04
121400,19,77,4,0.19,0.77,0.04
121500,26,73,1,0.26,0.73,0.01
121600,20,80,0,0.2,0.8,0.0
121700,20,74,6,0.2,0.74,0.06
121800,18,81,1,0.18,0.81,0.01
121900,14,82,4,0.14,0.82,0.04
122000,12,86,2,0.12,0.86,0.02
122100,19,73,8,0.19,0.73,0.08
122200,15,85,0,0.15,0.85,0.0
122300,20,79,1,0.2,0.79,0.01
122400,23,74,3,0.23,0.74,0.03
122500,15,79,6,0.15,0.79,0.06
122600,11,85,4,0.11,0.85,0.04
122700,16,79,5,0.16,0.79,0.05
122800,17,78,5,0.17,0.78,0.05
122900,16,79,5,0.16,0.79,0.05
123000,21,76,3,0.21,0.76,0.03
123100,21,76,3,0.21,0.76,0.03
123200,21,73,6,0.21,0.73,0.06
123300,24,72,4,0.24,0.72,0.04
123400,13,81,6,0.13,0.81,0.06
123500,14,83,3,0.14,0.83,0.03
123600,17,78,5,0.17,0.78,0.05
123700,19,78,3,0.19,0.78,0.03
123800,18,78,4,0.18,0.78,0.04
123900,17,80,3,0.17,0.8,0.03
124000,22,74,4,0.22,0.74,0.04
124100,22,77,1,0.22,0.77,0.01
124200,17,78,5,0.17,0.78,0.05
124300,19,75,6,0.19,0.75,0.06
124400,16,82,2,0.16,0.82,0.02
124500,21,75,4,0.21,0.75,0.04
124600,22,75,3,0.22,0.75,0.03
124700,23,73,4,0.23,0.73,0.04
124800,16,80,4,0.16,0.8,0.04
124900,21,77,2,0.21,0.77,0.02
125000,18,78,4,0.18,0.78,0.04
125100,20,75,5,0.2,0.75,0.05
125200,19,78,3,0.19,0.78,0.03
125300,19,76,5,0.19,0.76,0.05
125400,23,74,3,0.23,0.74,0.03
125500,17,80,3,0.17,0.8,0.03
125600,14,84,2,0.14,0.84,0.02
125700,13,84,3,0.13,0.84,0.03
125800,19,77,4,0.19,0.77,0.04
125900,23,71,6,0.23,0.71,0.06
126000,17,77,6,0.17,0.77,0.06
126100,27,72,1,0.27,0.72,0.01
126200,16,82,2,0.16,0.82,0.02
126300,11,85,4,0.11,0.85,0.04
126400,27,68,5,0.27,0.68,0.05
126500,14,84,2,0.14,0.84,0.02
126600,15,79,6,0.15,0.79,0.06
126700,17,79,4,0.17,0.79,0.04
126800,18,79,3,0.18,0.79,0.03
126900,19,79,2,0.19,0.79,0.02
127000,17,80,3,0.17,0.8,0.03
127100,15,81,4,0.15,0.81,0.04
127200,16,83,1,0.16,0.83,0.01
127300,17,74,9,0.17,0.74,0.09
127400,16,82,2,0.16,0.82,0.02
127500,20,74,6,0.2,0.74,0.06
127600,18,78,4,0.18,0.78,0.04
127700,15,83,2,0.15,0.83,0.02
127800,22,74,4,0.22,0.74,0.04
127900,16,81,3,0.16,0.81,0.03
128000,23,72,5,0.23,0.72,0.05
128100,14,82,4,0.14,0.82,0.04
128200,16,78,6,0.16,0.78,0.06
128300,15,83,2,0.15,0.83,0.02
128400,23,75,2,0.23,0.75,0.02
128500,26,69,5,0.26,0.69,0.05
128600,18,75,7,0.18,0.75,0.07
128700,16,83,1,0.16,0.83,0.01
128800,21,73,6,0.21,0.73,0.06
128900,17,81,2,0.17,0.81,0.02
129000,20,77,3,0.2,0.77,0.03
129100,24,72,4,0.24,0.72,0.04
129200,21,75,4,0.21,0.75,0.04
129300,12,82,6,0.12,0.82,0.06
129400,24,74,2,0.24,0.74,0.02
129500,16,79,5,0.16,0.79,0.05
129600,19,79,2,0.19,0.79,0.02
129700,21,77,2,0.21,0.77,0.02
129800,19,79,2,0.19,0.79,0.02
129900,19,78,3,0.19,0.78,0.03
130000,23,76,1,0.23,0.76,0.01
130100,15,79,6,0.15,0.79,0.06
130200,22,73,5,0.22,0.73,0.05
130300,18,81,1,0.18,0.81,0.01
130400,15,80,5,0.15,0.8,0.05
130500,14,83,3,0.14,0.83,0.03
130600,14,82,4,0.14,0.82,0.04
130700,21,77,2,0.21,0.77,0.02
130800,17,80,3,0.17,0.8,0.03
130900,25,73,2,0.25,0.73,0.02
131000,12,85,3,0.12,0.85,0.03
131100,18,78,4,0.18,0.78,0.04
131200,22,74,4,0.22,0.74,0.04
131300,21,74,5,0.21,0.74,0.05
131400,14,83,3,0.14,0.83,0.03
131500,13,83,4,0.13,0.83,0.04
131600,25,73,2,0.25,0.73,0.02
131700,12,85,3,0.12,0.85,0.03
131800,19,78,3,0.19,0.78,0.03
131900,22,78,0,0.22,0.78,0.0
132000,16,82,2,0.16,0.82,0.02
132100,8,88,4,0.08,0.88,0.04
132200,24,74,2,0.24,0.74,0.02
132300,18,71,11,0.18,0.71,0.11
132400,15,84,1,0.15,0.84,0.01
132500,21,77,2,0.21,0.77,0.02
132600,18,81,1,0.18,0.81,0.01
132700,9,89,2,0.09,0.89,0.02
132800,18,82,0,0.18,0.82,0.0
132900,15,80,5,0.15,0.8,0.05
133000,20,72,8,0.2,0.72,0.08
133100,12,86,2,0.12,0.86,0.02
133200,23,73,4,0.23,0.73,0.04
133300,13,85,2,0.13,0.85,0.02
133400,20,76,4,0.2,0.76,0.04
133500,15,81,4,0.15,0.81,0.04
133600,10,90,0,0.1,0.9,0.0
133700,17,80,3,0.17,0.8,0.03
133800,15,81,4,0.15,0.81,0.04
133900,13,84,3,0.13,0.84,0.03
134000,19,77,4,0.19,0.77,0.04
134100,15,82,3,0.15,0.82,0.03
134200,20,75,5,0.2,0.75,0.05
134300,23,73,4,0.23,0.73,0.04
134400,18,78,4,0.18,0.78,0.04
134500,15,83,2,0.15,0.83,0.02
134600,12,85,3,0.12,0.85,0.03
134700,15,82,3,0.15,0.82,0.03
134800,16,78,6,0.16,0.78,0.06
134900,18,80,2,0.18,0.8,0.02
135000,17,80,3,0.17,0.8,0.03
135100,22,71,7,0.22,0.71,0.07
135200,18,79,3,0.18,0.79,0.03
135300,18,78,4,0.18,0.78,0.04
135400,16,79,5,0.16,0.79,0.05
135500,18,80,2,0.18,0.8,0.02
135600,17,80,3,0.17,0.8,0.03
135700,22,77,1,0.22,0.77,0.01
135800,19,78,3,0.19,0.78,0.03
135900,21,72,7,0.21,0.72,0.07
136000,16,80,4,0.16,0.8,0.04
136100,22,73,5,0.22,0.73,0.05
136200,23,73,4,0.23,0.73,0.04
136300,16,82,2,0.16,0.82,0.02
136400,22,78,0,0.22,0.78,0.0
136500,21,77,2,0.21,0.77,0.02
136600,21,74,5,0.21,0.74,0.05
136700,13,83,4,0.13,0.83,0.04
136800,13,82,5,0.13,0.82,0.05
136900,14,82,4,0.14,0.82,0.04
137000,17,79,4,0.17,0.79,0.04
137100,20,78,2,0.2,0.78,0.02
137200,19,75,6,0.19,0.75,0.06
137300,20,73,7,0.2,0.73,0.07
137400,24,74,2,0.24,0.74,0.02
137500,18,82,0,0.18,0.82,0.0
137600,21,75,4,0.21,0.75,0.04
137700,21,75,4,0.21,0.75,0.04
137800,19,76,5,0.19,0.76,0.05
137900,16,83,1,0.16,0.83,0.01
138000,22,71,7,0.22,0.71,0.07
138100,15,83,2,0.15,0.83,0.02
138200,21,77,2,0.21,0.77,0.02
138300,15,82,3,0.15,0.82,0.03
138400,17,79,4,0.17,0.79,0.04
138500,22,74,4,0.22,0.74,0.04
138600,13,82,5,0.13,0.82,0.05
138700,19,80,1,0.19,0.8,0.01
138800,25,73,2,0.25,0.73,0.02
138900,9,90,1,0.09,0.9,0.01
139000,17,79,4,0.17,0.79,0.04
139100,19,78,3,0.19,0.78,0.03
139200,18,75,7,0.18,0.75,0.07
139300,23,69,8,0.23,0.69,0.08
139400,23,72,5,0.23,0.72,0.05
139500,13,84,3,0.13,0.84,0.03
139600,13,84,3,0.13,0.84,0.03
139700,20,77,3,0.2,0.77,0.03
139800,20,78,2,0.2,0.78,0.02
139900,17,79,4,0.17,0.79,0.04
140000,29,68,3,0.29,0.68,0.03
140100,16,79,5,0.16,0.79,0.05
140200,24,71,5,0.24,0.71,0.05
140300,23,74,3,0.23,0.74,0.03
140400,15,76,9,0.15,0.76,0.09
140500,25,74,1,0.25,0.74,0.01
140600,22,74,4,0.22,0.74,0.04
140700,20,78,2,0.2,0.78,0.02
140800,15,81,4,0.15,0.81,0.04
140900,32,65,3,0.32,0.65,0.03
141000,25,71,4,0.25,0.71,0.04
141100,16,81,3,0.16,0.81,0.03
141200,31,62,7,0.31,0.62,0.07
141300,23,74,3,0.23,0.74,0.03
141400,14,74,12,0.14,0.74,0.12
141500,23,74,3,0.23,0.74,0.03
141600,19,75,6,0.19,0.75,0.06
141700,19,79,2,0.19,0.79,0.02
141800,25,72,3,0.25,0.72,0.03
141900,18,78,4,0.18,0.78,0.04
142000,25,70,5,0.25,0.7,0.05
142100,20,79,1,0.2,0.79,0.01
142200,22,75,3,0.22,0.75,0.03
142300,21,75,4,0.21,0.75,0.04
142400,23,72,5,0.23,0.72,0.05
142500,21,78,1,0.21,0.78,0.01
142600,18,75,7,0.18,0.75,0.07
142700,15,83,2,0.15,0.83,0.02
142800,20,75,5,0.2,0.75,0.05
142900,16,81,3,0.16,0.81,0.03
143000,11,87,2,0.11,0.87,0.02
143100,12,85,3,0.12,0.85,0.03
143200,18,79,3,0.18,0.79,0.03
143300,17,77,6,0.17,0.77,0.06
143400,15,81,4,0.15,0.81,0.04
143500,22,75,3,0.22,0.75,0.03
143600,22,76,2,0.22,0.76,0.02
143700,21,77,2,0.21,0.77,0.02
143800,16,81,3,0.16,0.81,0.03
143900,26,73,1,0.26,0.73,0.01
144000,14,80,6,0.14,0.8,0.06
144100,21,79,0,0.21,0.79,0.0
144200,21,77,2,0.21,0.77,0.02
144300,7,90,3,0.07,0.9,0.03
144400,21,77,2,0.21,0.77,0.02
144500,19,79,2,0.19,0.79,0.02
144600,24,71,5,0.24,0.71,0.05
144700,20,77,3,0.2,0.77,0.03
144800,22,76,2,0.22,0.76,0.02
144900,21,75,4,0.21,0.75,0.04
145000,26,69,5,0.26,0.69,0.05
145100,11,85,4,0.11,0.85,0.04
145200,15,81,4,0.15,0.81,0.04
145300,21,74,5,0.21,0.74,0.05
145400,16,80,4,0.16,0.8,0.04
145500,12,86,2,0.12,0.86,0.02
145600,18,80,2,0.18,0.8,0.02
145700,19,76,5,0.19,0.76,0.05
145800,16,79,5,0.16,0.79,0.05
145900,17,79,4,0.17,0.79,0.04
146000,19,73,8,0.19,0.73,0.08
146100,20,75,5,0.2,0.75,0.05
146200,29,70,1,0.29,0.7,0.01
146300,27,70,3,0.27,0.7,0.03
146400,12,87,1,0.12,0.87,0.01
146500,22,75,3,0.22,0.75,0.03
146600,19,76,5,0.19,0.76,0.05
146700,20,76,4,0.2,0.76,0.04
146800,16,80,4,0.16,0.8,0.04
146900,21,75,4,0.21,0.75,0.04
147000,15,80,5,0.15,0.8,0.05
147100,18,79,3,0.18,0.79,0.03
147200,15,82,3,0.15,0.82,0.03
147300,16,78,6,0.16,0.78,0.06
147400,18,78,4,0.18,0.78,0.04
147500,20,76,4,0.2,0.76,0.04
147600,30,66,4,0.3,0.66,0.04
147700,20,76,4,0.2,0.76,0.04
147800,18,79,3,0.18,0.79,0.03
147900,25,74,1,0.25,0.74,0.01
148000,18,79,3,0.18,0.79,0.03
148100,22,78,0,0.22,0.78,0.0
148200,8,92,0,0.08,0.92,0.0
148300,15,81,4,0.15,0.81,0.04
148400,13,82,5,0.13,0.82,0.05
148500,17,79,4,0.17,0.79,0.04
148600,26,73,1,0.26,0.73,0.01
148700,20,75,5,0.2,0.75,0.05
148800,15,83,2,0.15,0.83,0.02
148900,13,81,6,0.13,0.81,0.06
149000,22,78,0,0.22,0.78,0.0
149100,20,77,3,0.2,0.77,0.03
149200,24,74,2,0.24,0.74,0.02
149300,21,72,7,0.21,0.72,0.07
149400,25,75,0,0.25,0.75,0.0
149500,16,82,2,0.16,0.82,0.02
149600,26,67,7,0.26,0.67,0.07
149700,27,70,3,0.27,0.7,0.03
149800,24,75,1,0.24,0.75,0.01
149900,24,73,3,0.24,0.73,0.03
150000,20,79,1,0.2,0.79,0.01
150100,23,75,2,0.23,0.75,0.02
150200,19,79,2,0.19,0.79,0.02
150300,19,77,4,0.19,0.77,0.04
150400,33,66,1,0.33,0.66,0.01
150500,25,74,1,0.25,0.74,0.01
150600,15,82,3,0.15,0.82,0.03
150700,14,81,5,0.14,0.81,0.05
150800,19,75,6,0.19,0.75,0.06
150900,19,80,1,0.19,0.8,0.01
151000,20,77,3,0.2,0.77,0.03
151100,17,76,7,0.17,0.76,0.07
151200,15,82,3,0.15,0.82,0.03
151300,22,75,3,0.22,0.75,0.03
151400,21,75,4,0.21,0.75,0.04
151500,22,76,2,0.22,0.76,0.02
151600,23,73,4,0.23,0.73,0.04
151700,30,68,2,0.3,0.68,0.02
151800,19,78,3,0.19,0.78,0.03
151900,20,77,3,0.2,0.77,0.03
152000,17,80,3,0.17,0.8,0.03
152100,16,81,3,0.16,0.81,0.03
152200,16,79,5,0.16,0.79,0.05
152300,21,73,6,0.21,0.73,0.06
152400,15,84,1,0.15,0.84,0.01
152500,17,80,3,0.17,0.8,0.03
152600,16,81,3,0.16,0.81,0.03
152700,16,82,2,0.16,0.82,0.02
152800,23,76,1,0.23,0.76,0.01
152900,20,75,5,0.2,0.75,0.05
153000,21,73,6,0.21,0.73,0.06
153100,27,69,4,0.27,0.69,0.04
153200,20,76,4,0.2,0.76,0.04
153300,18,77,5,0.18,0.77,0.05
153400,26,70,4,0.26,0.7,0.04
153500,15,84,1,0.15,0.84,0.01
153600,14,80,6,0.14,0.8,0.06
153700,24,72,4,0.24,0.72,0.04
153800,14,82,4,0.14,0.82,0.04
153900,25,72,3,0.25,0.72,0.03
154000,27,69,4,0.27,0.69,0.04
154100,13,84,3,0.13,0.84,0.03
154200,15,80,5,0.15,0.8,0.05
154300,19,78,3,0.19,0.78,0.03
154400,20,75,5,0.2,0.75,0.05
154500,22,74,4,0.22,0.74,0.04
154600,25,70,5,0.25,0.7,0.05
154700,28,68,4,0.28,0.68,0.04
154800,18,79,3,0.18,0.79,0.03
154900,24,73,3,0.24,0.73,0.03
155000,16,78,6,0.16,0.78,0.06
155100,18,76,6,0.18,0.76,0.06
155200,12,85,3,0.12,0.85,0.03
155300,17,80,3,0.17,0.8,0.03
155400,23,72,5,0.23,0.72,0.05
155500,16,82,2,0.16,0.82,0.02
155600,24,69,7,0.24,0.69,0.07
155700,30,66,4,0.3,0.66,0.04
155800,29,67,4,0.29,0.67,0.04
155900,19,79,2,0.19,0.79,0.02
156000,17,82,1,0.17,0.82,0.01
156100,21,75,4,0.21,0.75,0.04
156200,17,78,5,0.17,0.78,0.05
156300,21,77,2,0.21,0.77,0.02
156400,25,72,3,0.25,0.72,0.03
156500,16,80,4,0.16,0.8,0.04
156600,18,78,4,0.18,0.78,0.04
156700,24,76,0,0.24,0.76,0.0
156800,13,81,6,0.13,0.81,0.06
156900,22,74,4,0.22,0.74,0.04
157000,17,82,1,0.17,0.82,0.01
157100,26,71,3,0.26,0.71,0.03
157200,25,74,1,0.25,0.74,0.01
157300,19,76,5,0.19,0.76,0.05
157400,17,77,6,0.17,0.77,0.06
157500,18,75,7,0.18,0.75,0.07
157600,16,83,1,0.16,0.83,0.01
157700,21,70,9,0.21,0.7,0.09
157800,25,73,2,0.25,0.73,0.02
157900,13,82,5,0.13,0.82,0.05
158000,21,75,4,0.21,0.75,0.04
158100,18,75,7,0.18,0.75,0.07
158200,20,75,5,0.2,0.75,0.05
158300,19,79,2,0.19,0.79,0.02
158400,22,75,3,0.22,0.75,0.03
158500,26,71,3,0.26,0.71,0.03
158600,25,70,5,0.25,0.7,0.05
158700,21,71,8,0.21,0.71,0.08
158800,25,70,5,0.25,0.7,0.05
158900,18,78,4,0.18,0.78,0.04
159000,15,82,3,0.15,0.82,0.03
159100,21,72,7,0.21,0.72,0.07
159200,17,81,2,0.17,0.81,0.02
159300,10,88,2,0.1,0.88,0.02
159400,19,78,3,0.19,0.78,0.03
159500,17,81,2,0.17,0.81,0.02
159600,17,81,2,0.17,0.81,0.02
159700,23,74,3,0.23,0.74,0.03
159800,24,73,3,0.24,0.73,0.03
159900,19,79,2,0.19,0.79,0.02
160000,23,76,1,0.23,0.76,0.01
160100,23,73,4,0.23,0.73,0.04
160200,19,78,3,0.19,0.78,0.03
160300,20,77,3,0.2,0.77,0.03
160400,19,77,4,0.19,0.77,0.04
160500,20,74,6,0.2,0.74,0.06
160600,21,78,1,0.21,0.78,0.01
160700,19,76,5,0.19,0.76,0.05
160800,27,70,3,0.27,0.7,0.03
160900,21,76,3,0.21,0.76,0.03
161000,29,68,3,0.29,0.68,0.03
161100,26,72,2,0.26,0.72,0.02
161200,23,75,2,0.23,0.75,0.02
161300,17,82,1,0.17,0.82,0.01
161400,25,71,4,0.25,0.71,0.04
161500,15,81,4,0.15,0.81,0.04
161600,17,80,3,0.17,0.8,0.03
161700,17,77,6,0.17,0.77,0.06
161800,24,71,5,0.24,0.71,0.05
161900,22,74,4,0.22,0.74,0.04
162000,19,81,0,0.19,0.81,0.0
162100,20,79,1,0.2,0.79,0.01
162200,18,75,7,0.18,0.75,0.07
162300,21,75,4,0.21,0.75,0.04
162400,16,80,4,0.16,0.8,0.04
162500,13,86,1,0.13,0.86,0.01
162600,23,74,3,0.23,0.74,0.03
162700,16,80,4,0.16,0.8,0.04
162800,23,73,4,0.23,0.73,0.04
162900,18,78,4,0.18,0.78,0.04
163000,16,80,4,0.16,0.8,0.04
163100,14,82,4,0.14,0.82,0.04
163200,15,81,4,0.15,0.81,0.04
163300,24,72,4,0.24,0.72,0.04
163400,23,77,0,0.23,0.77,0.0
163500,17,79,4,0.17,0.79,0.04
163600,22,75,3,0.22,0.75,0.03
163700,24,70,6,0.24,0.7,0.06
163800,19,78,3,0.19,0.78,0.03
163900,25,74,1,0.25,0.74,0.01
164000,16,83,1,0.16,0.83,0.01
164100,15,82,3,0.15,0.82,0.03
164200,20,76,4,0.2,0.76,0.04
164300,18,81,1,0.18,0.81,0.01
164400,14,84,2,0.14,0.84,0.02
164500,12,85,3,0.12,0.85,0.03
164600,15,80,5,0.15,0.8,0.05
164700,21,77,2,0.21,0.77,0.02
164800,16,81,3,0.16,0.81,0.03
164900,21,74,5,0.21,0.74,0.05
165000,23,74,3,0.23,0.74,0.03
165100,19,78,3,0.19,0.78,0.03
165200,18,80,2,0.18,0.8,0.02
165300,20,75,5,0.2,0.75,0.05
165400,17,79,4,0.17,0.79,0.04
165500,24,71,5,0.24,0.71,0.05
165600,18,77,5,0.18,0.77,0.05
165700,21,75,4,0.21,0.75,0.04
165800,19,76,5,0.19,0.76,0.05
165900,24,74,2,0.24,0.74,0.02
166000,17,79,4,0.17,0.79,0.04
166100,20,75,5,0.2,0.75,0.05
166200,19,78,3,0.19,0.78,0.03
166300,18,78,4,0.18,0.78,0.04
166400,21,78,1,0.21,0.78,0.01
166500,24,75,1,0.24,0.75,0.01
166600,31,68,1,0.31,0.68,0.01
166700,18,78,4,0.18,0.78,0.04
166800,24,71,5,0.24,0.71,0.05
166900,23,71,6,0.23,0.71,0.06
167000,21,76,3,0.21,0.76,0.03
167100,20,78,2,0.2,0.78,0.02
167200,22,72,6,0.22,0.72,0.06
167300,23,76,1,0.23,0.76,0.01
167400,16,76,8,0.16,0.76,0.08
167500,15,79,6,0.15,0.79,0.06
167600,16,81,3,0.16,0.81,0.03
167700,24,75,1,0.24,0.75,0.01
167800,26,72,2,0.26,0.72,0.02
167900,18,79,3,0.18,0.79,0.03
168000,20,74,6,0.2,0.74,0.06
168100,25,72,3,0.25,0.72,0.03
168200,15,80,5,0.15,0.8,0.05
168300,21,76,3,0.21,0.76,0.03
168400,26,72,2,0.26,0.72,0.02
168500,17,79,4,0.17,0.79,0.04
168600,20,77,3,0.2,0.77,0.03
168700,29,66,5,0.29,0.66,0.05
168800,22,75,3,0.22,0.75,0.03
168900,19,73,8,0.19,0.73,0.08
169000,15,84,1,0.15,0.84,0.01
169100,21,74,5,0.21,0.74,0.05
169200,20,77,3,0.2,0.77,0.03
169300,27,70,3,0.27,0.7,0.03
169400,17,79,4,0.17,0.79,0.04
169500,16,83,1,0.16,0.83,0.01
169600,22,74,4,0.22,0.74,0.04
169700,19,74,7,0.19,0.74,0.07
169800,19,79,2,0.19,0.79,0.02
169900,17,78,5,0.17,0.78,0.05
170000,16,80,4,0.16,0.8,0.04
170100,24,73,3,0.24,0.73,0.03
170200,19,78,3,0.19,0.78,0.03
170300,24,74,2,0.24,0.74,0.02
170400,18,80,2,0.18,0.8,0.02
170500,17,81,2,0.17,0.81,0.02
170600,17,81,2,0.17,0.81,0.02
170700,14,83,3,0.14,0.83,0.03
170800,28,69,3,0.28,0.69,0.03
170900,20,77,3,0.2,0.77,0.03
171000,19,79,2,0.19,0.79,0.02
171100,21,76,3,0.21,0.76,0.03
171200,20,77,3,0.2,0.77,0.03
171300,20,78,2,0.2,0.78,0.02
171400,21,75,4,0.21,0.75,0.04
171500,16,82,2,0.16,0.82,0.02
171600,19,74,7,0.19,0.74,0.07
171700,20,79,1,0.2,0.79,0.01
171800,12,84,4,0.12,0.84,0.04
171900,17,77,6,0.17,0.77,0.06
172000,16,82,2,0.16,0.82,0.02
172100,15,71,14,0.15,0.71,0.14
172200,29,68,3,0.29,0.68,0.03
172300,15,84,1,0.15,0.84,0.01
172400,24,75,1,0.24,0.75,0.01
172500,22,76,2,0.22,0.76,0.02
172600,24,66,10,0.24,0.66,0.1
172700,26,66,8,0.26,0.66,0.08
172800,22,74,4,0.22,0.74,0.04
172900,19,77,4,0.19,0.77,0.04
173000,26,70,4,0.26,0.7,0.04
173100,24,74,2,0.24,0.74,0.02
173200,24,70,6,0.24,0.7,0.06
173300,19,79,2,0.19,0.79,0.02
173400,15,79,6,0.15,0.79,0.06
173500,19,80,1,0.19,0.8,0.01
173600,31,67,2,0.31,0.67,0.02
173700,18,76,6,0.18,0.76,0.06
173800,17,81,2,0.17,0.81,0.02
173900,24,75,1,0.24,0.75,0.01
174000,24,74,2,0.24,0.74,0.02
174100,24,69,7,0.24,0.69,0.07
174200,20,78,2,0.2,0.78,0.02
174300,23,72,5,0.23,0.72,0.05
174400,20,78,2,0.2,0.78,0.02
174500,22,77,1,0.22,0.77,0.01
174600,21,75,4,0.21,0.75,0.04
174700,22,77,1,0.22,0.77,0.01
174800,20,76,4,0.2,0.76,0.04
174900,20,77,3,0.2,0.77,0.03
175000,27,68,5,0.27,0.68,0.05
175100,27,69,4,0.27,0.69,0.04
175200,20,79,1,0.2,0.79,0.01
175300,14,84,2,0.14,0.84,0.02
175400,20,78,2,0.2,0.78,0.02
175500,18,80,2,0.18,0.8,0.02
175600,23,74,3,0.23,0.74,0.03
175700,26,69,5,0.26,0.69,0.05
175800,25,74,1,0.25,0.74,0.01
175900,25,68,7,0.25,0.68,0.07
176000,20,76,4,0.2,0.76,0.04
176100,23,74,3,0.23,0.74,0.03
176200,19,78,3,0.19,0.78,0.03
176300,23,75,2,0.23,0.75,0.02
176400,26,68,6,0.26,0.68,0.06
176500,26,66,8,0.26,0.66,0.08
176600,18,75,7,0.18,0.75,0.07
176700,22,77,1,0.22,0.77,0.01
176800,20,75,5,0.2,0.75,0.05
176900,23,75,2,0.23,0.75,0.02
177000,14,82,4,0.14,0.82,0.04
177100,23,76,1,0.23,0.76,0.01
177200,11,84,5,0.11,0.84,0.05
177300,21,75,4,0.21,0.75,0.04
177400,22,75,3,0.22,0.75,0.03
177500,21,76,3,0.21,0.76,0.03
177600,23,75,2,0.23,0.75,0.02
177700,18,76,6,0.18,0.76,0.06
177800,19,78,3,0.19,0.78,0.03
177900,18,80,2,0.18,0.8,0.02
178000,27,67,6,0.27,0.67,0.06
178100,14,82,4,0.14,0.82,0.04
178200,19,77,4,0.19,0.77,0.04
178300,18,81,1,0.18,0.81,0.01
178400,18,80,2,0.18,0.8,0.02
178500,25,72,3,0.25,0.72,0.03
178600,27,71,2,0.27,0.71,0.02
178700,22,75,3,0.22,0.75,0.03
178800,18,77,5,0.18,0.77,0.05
178900,27,73,0,0.27,0.73,0.0
179000,16,80,4,0.16,0.8,0.04
179100,24,71,5,0.24,0.71,0.05
179200,24,73,3,0.24,0.73,0.03
179300,21,77,2,0.21,0.77,0.02
179400,24,73,3,0.24,0.73,0.03
179500,24,75,1,0.24,0.75,0.01
179600,17,79,4,0.17,0.79,0.04
179700,19,76,5,0.19,0.76,0.05
179800,15,79,6,0.15,0.79,0.06
179900,18,78,4,0.18,0.78,0.04
180000,25,73,2,0.25,0.73,0.02
180100,17,76,7,0.17,0.76,0.07
180200,13,87,0,0.13,0.87,0.0
180300,23,76,1,0.23,0.76,0.01
180400,24,74,2,0.24,0.74,0.02
180500,10,86,4,0.1,0.86,0.04
180600,23,72,5,0.23,0.72,0.05
180700,12,87,1,0.12,0.87,0.01
180800,20,78,2,0.2,0.78,0.02
180900,21,77,2,0.21,0.77,0.02
181000,16,82,2,0.16,0.82,0.02
181100,20,77,3,0.2,0.77,0.03
181200,20,76,4,0.2,0.76,0.04
181300,25,72,3,0.25,0.72,0.03
181400,16,79,5,0.16,0.79,0.05
181500,17,80,3,0.17,0.8,0.03
181600,16,81,3,0.16,0.81,0.03
181700,21,74,5,0.21,0.74,0.05
181800,18,72,10,0.18,0.72,0.1
181900,26,72,2,0.26,0.72,0.02
182000,25,70,5,0.25,0.7,0.05
182100,21,74,5,0.21,0.74,0.05
182200,17,78,5,0.17,0.78,0.05
182300,20,77,3,0.2,0.77,0.03
182400,13,84,3,0.13,0.84,0.03
182500,17,80,3,0.17,0.8,0.03
182600,26,72,2,0.26,0.72,0.02
182700,18,78,4,0.18,0.78,0.04
182800,21,76,3,0.21,0.76,0.03
182900,13,84,3,0.13,0.84,0.03
183000,24,74,2,0.24,0.74,0.02
183100,20,79,1,0.2,0.79,0.01
183200,23,74,3,0.23,0.74,0.03
183300,21,78,1,0.21,0.78,0.01
183400,23,75,2,0.23,0.75,0.02
183500,12,83,5,0.12,0.83,0.05
183600,17,79,4,0.17,0.79,0.04
183700,28,69,3,0.28,0.69,0.03
183800,25,72,3,0.25,0.72,0.03
183900,19,78,3,0.19,0.78,0.03
184000,22,73,5,0.22,0.73,0.05
184100,11,84,5,0.11,0.84,0.05
184200,14,84,2,0.14,0.84,0.02
184300,20,75,5,0.2,0.75,0.05
184400,21,77,2,0.21,0.77,0.02
184500,20,75,5,0.2,0.75,0.05
184600,21,77,2,0.21,0.77,0.02
184700,23,74,3,0.23,0.74,0.03
184800,20,78,2,0.2,0.78,0.02
184900,20,75,5,0.2,0.75,0.05
185000,25,70,5,0.25,0.7,0.05
185100,18,78,4,0.18,0.78,0.04
185200,26,69,5,0.26,0.69,0.05
185300,22,75,3,0.22,0.75,0.03
185400,24,71,5,0.24,0.71,0.05
185500,22,75,3,0.22,0.75,0.03
185600,21,76,3,0.21,0.76,0.03
185700,23,76,1,0.23,0.76,0.01
185800,17,78,5,0.17,0.78,0.05
185900,17,83,0,0.17,0.83,0.0
186000,18,79,3,0.18,0.79,0.03
186100,17,78,5,0.17,0.78,0.05
186200,22,77,1,0.22,0.77,0.01
186300,25,70,5,0.25,0.7,0.05
186400,24,69,7,0.24,0.69,0.07
186500,16,80,4,0.16,0.8,0.04
186600,24,71,5,0.24,0.71,0.05
186700,19,79,2,0.19,0.79,0.02
186800,17,82,1,0.17,0.82,0.01
186900,20,79,1,0.2,0.79,0.01
187000,23,75,2,0.23,0.75,0.02
187100,20,79,1,0.2,0.79,0.01
187200,23,75,2,0.23,0.75,0.02
187300,19,78,3,0.19,0.78,0.03
187400,23,74,3,0.23,0.74,0.03
187500,20,78,2,0.2,0.78,0.02
187600,22,74,4,0.22,0.74,0.04
187700,11,83,6,0.11,0.83,0.06
187800,22,76,2,0.22,0.76,0.02
187900,20,78,2,0.2,0.78,0.02
188000,19,79,2,0.19,0.79,0.02
188100,25,71,4,0.25,0.71,0.04
188200,16,82,2,0.16,0.82,0.02
188300,16,77,7,0.16,0.77,0.07
188400,16,83,1,0.16,0.83,0.01
188500,14,83,3,0.14,0.83,0.03
188600,17,80,3,0.17,0.8,0.03
188700,17,79,4,0.17,0.79,0.04
188800,17,78,5,0.17,0.78,0.05
188900,17,79,4,0.17,0.79,0.04
189000,20,76,4,0.2,0.76,0.04
189100,20,77,3,0.2,0.77,0.03
189200,19,78,3,0.19,0.78,0.03
189300,30,67,3,0.3,0.67,0.03
189400,26,71,3,0.26,0.71,0.03
189500,11,86,3,0.11,0.86,0.03
189600,23,73,4,0.23,0.73,0.04
189700,22,76,2,0.22,0.76,0.02
189800,21,76,3,0.21,0.76,0.03
189900,17,81,2,0.17,0.81,0.02
190000,13,86,1,0.13,0.86,0.01
190100,30,68,2,0.3,0.68,0.02
190200,20,78,2,0.2,0.78,0.02
190300,19,76,5,0.19,0.76,0.05
190400,16,80,4,0.16,0.8,0.04
190500,16,81,3,0.16,0.81,0.03
190600,17,79,4,0.17,0.79,0.04
190700,20,72,8,0.2,0.72,0.08
190800,23,76,1,0.23,0.76,0.01
190900,22,77,1,0.22,0.77,0.01
191000,7,92,1,0.07,0.92,0.01
191100,22,73,5,0.22,0.73,0.05
191200,14,81,5,0.14,0.81,0.05
191300,24,75,1,0.24,0.75,0.01
191400,27,73,0,0.27,0.73,0.0
191500,20,74,6,0.2,0.74,0.06
191600,19,77,4,0.19,0.77,0.04
191700,19,76,5,0.19,0.76,0.05
191800,17,80,3,0.17,0.8,0.03
191900,25,70,5,0.25,0.7,0.05
192000,20,75,5,0.2,0.75,0.05
192100,16,81,3,0.16,0.81,0.03
192200,19,77,4,0.19,0.77,0.04
192300,19,78,3,0.19,0.78,0.03
192400,15,78,7,0.15,0.78,0.07
192500,14,83,3,0.14,0.83,0.03
192600,15,80,5,0.15,0.8,0.05
192700,23,70,7,0.23,0.7,0.07
192800,21,77,2,0.21,0.77,0.02
192900,18,77,5,0.18,0.77,0.05
193000,10,88,2,0.1,0.88,0.02
193100,15,79,6,0.15,0.79,0.06
193200,20,79,1,0.2,0.79,0.01
193300,20,77,3,0.2,0.77,0.03
193400,20,76,4,0.2,0.76,0.04
193500,28,70,2,0.28,0.7,0.02
193600,14,82,4,0.14,0.82,0.04
193700,20,72,8,0.2,0.72,0.08
193800,20,80,0,0.2,0.8,0.0
193900,15,81,4,0.15,0.81,0.04
194000,16,82,2,0.16,0.82,0.02
194100,17,80,3,0.17,0.8,0.03
194200,15,79,6,0.15,0.79,0.06
194300,23,74,3,0.23,0.74,0.03
194400,17,77,6,0.17,0.77,0.06
194500,15,80,5,0.15,0.8,0.05
194600,27,70,3,0.27,0.7,0.03
194700,21,74,5,0.21,0.74,0.05
194800,24,72,4,0.24,0.72,0.04
194900,19,77,4,0.19,0.77,0.04
195000,20,76,4,0.2,0.76,0.04
195100,22,77,1,0.22,0.77,0.01
195200,12,78,10,0.12,0.78,0.1
195300,21,72,7,0.21,0.72,0.07
195400,18,79,3,0.18,0.79,0.03
195500,17,81,2,0.17,0.81,0.02
195600,23,72,5,0.23,0.72,0.05
195700,24,72,4,0.24,0.72,0.04
195800,19,79,2,0.19,0.79,0.02
195900,24,71,5,0.24,0.71,0.05
196000,20,76,4,0.2,0.76,0.04
196100,15,80,5,0.15,0.8,0.05
196200,18,80,2,0.18,0.8,0.02
196300,24,74,2,0.24,0.74,0.02
196400,21,76,3,0.21,0.76,0.03
196500,22,75,3,0.22,0.75,0.03
196600,15,80,5,0.15,0.8,0.05
196700,22,76,2,0.22,0.76,0.02
196800,23,73,4,0.23,0.73,0.04
196900,24,74,2,0.24,0.74,0.02
197000,27,72,1,0.27,0.72,0.01
197100,25,70,5,0.25,0.7,0.05
197200,10,87,3,0.1,0.87,0.03
197300,24,74,2,0.24,0.74,0.02
197400,19,81,0,0.19,0.81,0.0
197500,13,83,4,0.13,0.83,0.04
197600,15,79,6,0.15,0.79,0.06
197700,17,80,3,0.17,0.8,0.03
197800,18,77,5,0.18,0.77,0.05
197900,22,78,0,0.22,0.78,0.0
198000,23,75,2,0.23,0.75,0.02
198100,22,72,6,0.22,0.72,0.06
198200,29,68,3,0.29,0.68,0.03
198300,27,68,5,0.27,0.68,0.05
198400,20,77,3,0.2,0.77,0.03
198500,29,69,2,0.29,0.69,0.02
198600,22,73,5,0.22,0.73,0.05
198700,18,79,3,0.18,0.79,0.03
198800,19,76,5,0.19,0.76,0.05
198900,22,74,4,0.22,0.74,0.04
199000,24,72,4,0.24,0.72,0.04
199100,20,78,2,0.2,0.78,0.02
199200,20,78,2,0.2,0.78,0.02
199300,22,76,2,0.22,0.76,0.02
199400,25,74,1,0.25,0.74,0.01
199500,21,77,2,0.21,0.77,0.02
199600,16,84,0,0.16,0.84,0.0
199700,24,73,3,0.24,0.73,0.03
199800,21,78,1,0.21,0.78,0.01
199900,21,77,2,0.21,0.77,0.02
